{"name":"socialmediadata_tweets-of-congress-november","title":"Tweets of Congress - November","description":"Tweets of Congress from Alex Litel\n\n# About\n\nTweets of Congress is [Alex Litel](https://github.com/alexlitel)'s attempt to collate the entirety of Congress’ daily Twitter output using an automated process that checks Twitter on a fixed interval. Archives are available on Github and in JSON form. You can find JSON datasets linked in posts or in [Github repository](https://github.com/alexlitel/congresstweets). Due to size constraints, archives will be limited at some tbd point. \n\nTweets of Congress is the front-end portion of a project collecting the daily tweets of both houses of Congress, encompassing 1,000+ campaign, office, committee and party accounts. It's designed to be used in concert with the Congressional Tweet Automator, which creates the content in this repo (among other things). For more information on the process of how everything is compiled, visit the aforementioned repo for the Automator.\n\nThe collected tweets are available as JSON datasets, which are generated around midnight EST. You can find them in this repository inside the data folder, and they are also linked at the site. To do a little more with the datasets, you may want to check out the users-filtered.json dataset -- which contains metadata for all the accounts the project follows for tweet collection -- in the automation repo.\n\nDue to size constraints, archives will cut off at some point, and because the automation portion interfaces with low-level Github and Git features, the commit history may be volatile and subject to change. Also, most commits in this repo will come from an account that is completely automated. This site is open-source, so feel free to fork or whatever to your heart's content. For any issues or other feedback, file an issue, make a pull request, or send me an email.\n\n# Acknowledgments\n\nJekyll site is built on John Otander's Pixyll theme.\nDataset was created with the help of the @unitedstates/congress-legislators project.\n\n#Licence\n\nMIT License\n\nCopyright (c) 2017 Alex Litel\n\nPermission is hereby granted, free of charge, to any person obtaining a copy of this software and associated documentation files (the \"Software\"), to deal\nin the Software without restriction, including without limitation the rights to use, copy, modify, merge, publish, distribute, sublicense, and/or sell\ncopies of the Software, and to permit persons to whom the Software is furnished to do so, subject to the following conditions:\n\nThe above copyright notice and this permission notice shall be included in all copies or substantial portions of the Software.\n\nTHE SOFTWARE IS PROVIDED \"AS IS\", WITHOUT WARRANTY OF ANY KIND, EXPRESS OR IMPLIED, INCLUDING BUT NOT LIMITED TO THE WARRANTIES OF MERCHANTABILITY, FITNESS FOR A PARTICULAR PURPOSE AND NONINFRINGEMENT. IN NO EVENT SHALL THE AUTHORS OR COPYRIGHT HOLDERS BE LIABLE FOR ANY CLAIM, DAMAGES OR OTHER LIABILITY, WHETHER IN AN ACTION OF CONTRACT, TORT OR OTHERWISE, ARISING FROM, OUT OF OR IN CONNECTION WITH THE SOFTWARE OR THE USE OR OTHER DEALINGS IN THE SOFTWARE.\n\nRead more about the [license](https://github.com/alexlitel/congresstweets/blob/master/LICENSE).\n\n**_Source:_** https://alexlitel.github.io/congresstweets/","homepage":"https://data.world/socialmediadata/tweets-of-congress-november","license":"Other","resources":[{"name":"2017_11_01","schema":{"fields":[{"name":"id","title":"id","type":"integer","rdfType":"http://www.w3.org/2001/XMLSchema#integer"},{"name":"screen_name","title":"screen_name","type":"string","rdfType":"http://www.w3.org/2001/XMLSchema#string"},{"name":"user_id","title":"user_id","type":"integer","rdfType":"http://www.w3.org/2001/XMLSchema#integer"},{"name":"time","title":"time","type":"datetime","rdfType":"http://www.w3.org/2001/XMLSchema#dateTimeStamp"},{"name":"link","title":"link","type":"string","rdfType":"http://www.w3.org/2001/XMLSchema#anyURI"},{"name":"text","title":"text","type":"string","rdfType":"http://www.w3.org/2001/XMLSchema#string"},{"name":"source","title":"source","type":"string","rdfType":"http://www.w3.org/2001/XMLSchema#string"}]},"path":"data/2017_11_01.csv","format":"csv"},{"name":"2017_11_02","schema":{"fields":[{"name":"id","title":"id","type":"integer","rdfType":"http://www.w3.org/2001/XMLSchema#integer"},{"name":"screen_name","title":"screen_name","type":"string","rdfType":"http://www.w3.org/2001/XMLSchema#string"},{"name":"user_id","title":"user_id","type":"integer","rdfType":"http://www.w3.org/2001/XMLSchema#integer"},{"name":"time","title":"time","type":"datetime","rdfType":"http://www.w3.org/2001/XMLSchema#dateTimeStamp"},{"name":"link","title":"link","type":"string","rdfType":"http://www.w3.org/2001/XMLSchema#anyURI"},{"name":"text","title":"text","type":"string","rdfType":"http://www.w3.org/2001/XMLSchema#string"},{"name":"source","title":"source","type":"string","rdfType":"http://www.w3.org/2001/XMLSchema#string"}]},"path":"data/2017_11_02.csv","format":"csv"},{"name":"2017_11_03","schema":{"fields":[{"name":"id","title":"id","type":"integer","rdfType":"http://www.w3.org/2001/XMLSchema#integer"},{"name":"screen_name","title":"screen_name","type":"string","rdfType":"http://www.w3.org/2001/XMLSchema#string"},{"name":"user_id","title":"user_id","type":"integer","rdfType":"http://www.w3.org/2001/XMLSchema#integer"},{"name":"time","title":"time","type":"datetime","rdfType":"http://www.w3.org/2001/XMLSchema#dateTimeStamp"},{"name":"link","title":"link","type":"string","rdfType":"http://www.w3.org/2001/XMLSchema#anyURI"},{"name":"text","title":"text","type":"string","rdfType":"http://www.w3.org/2001/XMLSchema#string"},{"name":"source","title":"source","type":"string","rdfType":"http://www.w3.org/2001/XMLSchema#string"}]},"path":"data/2017_11_03.csv","format":"csv"},{"name":"2017_11_04","schema":{"fields":[{"name":"id","title":"id","type":"integer","rdfType":"http://www.w3.org/2001/XMLSchema#integer"},{"name":"screen_name","title":"screen_name","type":"string","rdfType":"http://www.w3.org/2001/XMLSchema#string"},{"name":"user_id","title":"user_id","type":"integer","rdfType":"http://www.w3.org/2001/XMLSchema#integer"},{"name":"time","title":"time","type":"datetime","rdfType":"http://www.w3.org/2001/XMLSchema#dateTimeStamp"},{"name":"link","title":"link","type":"string","rdfType":"http://www.w3.org/2001/XMLSchema#anyURI"},{"name":"text","title":"text","type":"string","rdfType":"http://www.w3.org/2001/XMLSchema#string"},{"name":"source","title":"source","type":"string","rdfType":"http://www.w3.org/2001/XMLSchema#string"}]},"path":"data/2017_11_04.csv","format":"csv"},{"name":"2017_11_05","schema":{"fields":[{"name":"id","title":"id","type":"integer","rdfType":"http://www.w3.org/2001/XMLSchema#integer"},{"name":"screen_name","title":"screen_name","type":"string","rdfType":"http://www.w3.org/2001/XMLSchema#string"},{"name":"user_id","title":"user_id","type":"integer","rdfType":"http://www.w3.org/2001/XMLSchema#integer"},{"name":"time","title":"time","type":"datetime","rdfType":"http://www.w3.org/2001/XMLSchema#dateTimeStamp"},{"name":"link","title":"link","type":"string","rdfType":"http://www.w3.org/2001/XMLSchema#anyURI"},{"name":"text","title":"text","type":"string","rdfType":"http://www.w3.org/2001/XMLSchema#string"},{"name":"source","title":"source","type":"string","rdfType":"http://www.w3.org/2001/XMLSchema#string"}]},"path":"data/2017_11_05.csv","format":"csv"},{"name":"2017_11_06","schema":{"fields":[{"name":"id","title":"id","type":"integer","rdfType":"http://www.w3.org/2001/XMLSchema#integer"},{"name":"screen_name","title":"screen_name","type":"string","rdfType":"http://www.w3.org/2001/XMLSchema#string"},{"name":"user_id","title":"user_id","type":"integer","rdfType":"http://www.w3.org/2001/XMLSchema#integer"},{"name":"time","title":"time","type":"datetime","rdfType":"http://www.w3.org/2001/XMLSchema#dateTimeStamp"},{"name":"link","title":"link","type":"string","rdfType":"http://www.w3.org/2001/XMLSchema#anyURI"},{"name":"text","title":"text","type":"string","rdfType":"http://www.w3.org/2001/XMLSchema#string"},{"name":"source","title":"source","type":"string","rdfType":"http://www.w3.org/2001/XMLSchema#string"}]},"path":"data/2017_11_06.csv","format":"csv"},{"name":"2017_11_07","schema":{"fields":[{"name":"id","title":"id","type":"integer","rdfType":"http://www.w3.org/2001/XMLSchema#integer"},{"name":"screen_name","title":"screen_name","type":"string","rdfType":"http://www.w3.org/2001/XMLSchema#string"},{"name":"user_id","title":"user_id","type":"integer","rdfType":"http://www.w3.org/2001/XMLSchema#integer"},{"name":"time","title":"time","type":"datetime","rdfType":"http://www.w3.org/2001/XMLSchema#dateTimeStamp"},{"name":"link","title":"link","type":"string","rdfType":"http://www.w3.org/2001/XMLSchema#anyURI"},{"name":"text","title":"text","type":"string","rdfType":"http://www.w3.org/2001/XMLSchema#string"},{"name":"source","title":"source","type":"string","rdfType":"http://www.w3.org/2001/XMLSchema#string"}]},"path":"data/2017_11_07.csv","format":"csv"},{"name":"2017_11_08","schema":{"fields":[{"name":"id","title":"id","type":"integer","rdfType":"http://www.w3.org/2001/XMLSchema#integer"},{"name":"screen_name","title":"screen_name","type":"string","rdfType":"http://www.w3.org/2001/XMLSchema#string"},{"name":"user_id","title":"user_id","type":"integer","rdfType":"http://www.w3.org/2001/XMLSchema#integer"},{"name":"time","title":"time","type":"datetime","rdfType":"http://www.w3.org/2001/XMLSchema#dateTimeStamp"},{"name":"link","title":"link","type":"string","rdfType":"http://www.w3.org/2001/XMLSchema#anyURI"},{"name":"text","title":"text","type":"string","rdfType":"http://www.w3.org/2001/XMLSchema#string"},{"name":"source","title":"source","type":"string","rdfType":"http://www.w3.org/2001/XMLSchema#string"}]},"path":"data/2017_11_08.csv","format":"csv"},{"name":"2017_11_09","schema":{"fields":[{"name":"id","title":"id","type":"integer","rdfType":"http://www.w3.org/2001/XMLSchema#integer"},{"name":"screen_name","title":"screen_name","type":"string","rdfType":"http://www.w3.org/2001/XMLSchema#string"},{"name":"user_id","title":"user_id","type":"integer","rdfType":"http://www.w3.org/2001/XMLSchema#integer"},{"name":"time","title":"time","type":"datetime","rdfType":"http://www.w3.org/2001/XMLSchema#dateTimeStamp"},{"name":"link","title":"link","type":"string","rdfType":"http://www.w3.org/2001/XMLSchema#anyURI"},{"name":"text","title":"text","type":"string","rdfType":"http://www.w3.org/2001/XMLSchema#string"},{"name":"source","title":"source","type":"string","rdfType":"http://www.w3.org/2001/XMLSchema#string"}]},"path":"data/2017_11_09.csv","format":"csv"},{"name":"2017_11_10","schema":{"fields":[{"name":"id","title":"id","type":"integer","rdfType":"http://www.w3.org/2001/XMLSchema#integer"},{"name":"screen_name","title":"screen_name","type":"string","rdfType":"http://www.w3.org/2001/XMLSchema#string"},{"name":"user_id","title":"user_id","type":"integer","rdfType":"http://www.w3.org/2001/XMLSchema#integer"},{"name":"time","title":"time","type":"datetime","rdfType":"http://www.w3.org/2001/XMLSchema#dateTimeStamp"},{"name":"link","title":"link","type":"string","rdfType":"http://www.w3.org/2001/XMLSchema#anyURI"},{"name":"text","title":"text","type":"string","rdfType":"http://www.w3.org/2001/XMLSchema#string"},{"name":"source","title":"source","type":"string","rdfType":"http://www.w3.org/2001/XMLSchema#string"}]},"path":"data/2017_11_10.csv","format":"csv"},{"name":"2017_11_11","schema":{"fields":[{"name":"id","title":"id","type":"integer","rdfType":"http://www.w3.org/2001/XMLSchema#integer"},{"name":"screen_name","title":"screen_name","type":"string","rdfType":"http://www.w3.org/2001/XMLSchema#string"},{"name":"user_id","title":"user_id","type":"integer","rdfType":"http://www.w3.org/2001/XMLSchema#integer"},{"name":"time","title":"time","type":"datetime","rdfType":"http://www.w3.org/2001/XMLSchema#dateTimeStamp"},{"name":"link","title":"link","type":"string","rdfType":"http://www.w3.org/2001/XMLSchema#anyURI"},{"name":"text","title":"text","type":"string","rdfType":"http://www.w3.org/2001/XMLSchema#string"},{"name":"source","title":"source","type":"string","rdfType":"http://www.w3.org/2001/XMLSchema#string"}]},"path":"data/2017_11_11.csv","format":"csv"},{"name":"2017_11_12","schema":{"fields":[{"name":"id","title":"id","type":"integer","rdfType":"http://www.w3.org/2001/XMLSchema#integer"},{"name":"screen_name","title":"screen_name","type":"string","rdfType":"http://www.w3.org/2001/XMLSchema#string"},{"name":"user_id","title":"user_id","type":"integer","rdfType":"http://www.w3.org/2001/XMLSchema#integer"},{"name":"time","title":"time","type":"datetime","rdfType":"http://www.w3.org/2001/XMLSchema#dateTimeStamp"},{"name":"link","title":"link","type":"string","rdfType":"http://www.w3.org/2001/XMLSchema#anyURI"},{"name":"text","title":"text","type":"string","rdfType":"http://www.w3.org/2001/XMLSchema#string"},{"name":"source","title":"source","type":"string","rdfType":"http://www.w3.org/2001/XMLSchema#string"}]},"path":"data/2017_11_12.csv","format":"csv"},{"name":"2017_11_13","schema":{"fields":[{"name":"id","title":"id","type":"integer","rdfType":"http://www.w3.org/2001/XMLSchema#integer"},{"name":"screen_name","title":"screen_name","type":"string","rdfType":"http://www.w3.org/2001/XMLSchema#string"},{"name":"user_id","title":"user_id","type":"integer","rdfType":"http://www.w3.org/2001/XMLSchema#integer"},{"name":"time","title":"time","type":"datetime","rdfType":"http://www.w3.org/2001/XMLSchema#dateTimeStamp"},{"name":"link","title":"link","type":"string","rdfType":"http://www.w3.org/2001/XMLSchema#anyURI"},{"name":"text","title":"text","type":"string","rdfType":"http://www.w3.org/2001/XMLSchema#string"},{"name":"source","title":"source","type":"string","rdfType":"http://www.w3.org/2001/XMLSchema#string"}]},"path":"data/2017_11_13.csv","format":"csv"},{"name":"original/2017-11-01.json","path":"original/2017-11-01.json","format":"json","mediatype":"application/json","bytes":1481253},{"name":"original/2017-11-02.json","path":"original/2017-11-02.json","format":"json","mediatype":"application/json","bytes":1515844},{"name":"original/2017-11-03.json","path":"original/2017-11-03.json","format":"json","mediatype":"application/json","bytes":922012},{"name":"original/2017-11-04.json","path":"original/2017-11-04.json","format":"json","mediatype":"application/json","bytes":383337},{"name":"original/2017-11-05.json","path":"original/2017-11-05.json","format":"json","mediatype":"application/json","bytes":474653},{"name":"original/2017-11-06.json","path":"original/2017-11-06.json","format":"json","mediatype":"application/json","bytes":1079394},{"name":"original/2017-11-07.json","path":"original/2017-11-07.json","format":"json","mediatype":"application/json","bytes":1486443},{"name":"original/2017-11-08.json","path":"original/2017-11-08.json","format":"json","mediatype":"application/json","bytes":1517841},{"name":"original/2017-11-09.json","path":"original/2017-11-09.json","format":"json","mediatype":"application/json","bytes":1226430},{"name":"original/2017-11-10.json","path":"original/2017-11-10.json","format":"json","mediatype":"application/json","bytes":781392},{"name":"original/2017-11-11.json","path":"original/2017-11-11.json","format":"json","mediatype":"application/json","bytes":733168},{"name":"original/2017-11-12.json","path":"original/2017-11-12.json","format":"json","mediatype":"application/json","bytes":277793},{"name":"original/2017-11-13.json","path":"original/2017-11-13.json","format":"json","mediatype":"application/json","bytes":984919}],"keywords":["congress","tweet","social media"]}